Submission ID,Common Name,Scientific Name,Taxonomic Order,Count,State/Province,County,Location ID,Location,Latitude,Longitude,Date,Time,Protocol,Duration (Min),All Obs Reported,Distance Traveled (km),Area Covered (ha),Number of Observers,Breeding Code,Observation Details,Checklist Comments,ML Catalog Numbers
S210000001,Great White Pelican,Pelecanus onocrotalus,730,194,TZ,,L8829001,"Serengeti, Tanzania",-2.3333,34.8333,2010-01-12,07:00,eBird - Traveling Count,75,1,2.4,,1,,,,
S210000001,Martial Eagle,Polemaetus bellicosus,3820,1,TZ,,L8829001,"Serengeti, Tanzania",-2.3333,34.8333,2010-01-12,07:00,eBird - Traveling Count,75,1,2.4,,1,,,,
S210000001,Kori Bustard,Ardeotis kori,2640,13,TZ,,L8829001,"Serengeti, Tanzania",-2.3333,34.8333,2010-01-12,07:00,eBird - Traveling Count,75,1,2.4,,1,,,,
S210000001,Secretarybird,Sagittarius serpentarius,3700,1,TZ,,L8829001,"Serengeti, Tanzania",-2.3333,34.8333,2010-01-12,07:00,eBird - Traveling Count,75,1,2.4,,1,,,,
S210000001,African Sacred Ibis,Threskiornis aethiopicus,1960,8,TZ,,L8829001,"Serengeti, Tanzania",-2.3333,34.8333,2010-01-12,07:00,eBird - Traveling Count,75,1,2.4,,1,,,,
S210000002,Jungle Babbler,Argya striata,31880,12,IN-RJ,,L8826001,"Ranthambore NP, India",26.0173,76.5026,2010-02-02,10:15,eBird - Traveling Count,25,1,3.1,,1,,,,
S210000002,Sarus Crane,Antigone antigone,2740,1,IN-RJ,,L8826001,"Ranthambore NP, India",26.0173,76.5026,2010-02-02,10:15,eBird - Traveling Count,25,1,3.1,,1,,,,
S210000002,Green Bee-eater,Merops orientalis,16460,18,IN-RJ,,L8826001,"Ranthambore NP, India",26.0173,76.5026,2010-02-02,10:15,eBird - Traveling Count,25,1,3.1,,1,,,,
S210000002,Red-vented Bulbul,Pycnonotus cafer,31260,3,IN-RJ,,L8826001,"Ranthambore NP, India",26.0173,76.5026,2010-02-02,10:15,eBird - Traveling Count,25,1,3.1,,1,,,,
S210000002,Indian Roller,Coracias benghalensis,16520,2,IN-RJ,,L8826001,"Ranthambore NP, India",26.0173,76.5026,2010-02-02,10:15,eBird - Traveling Count,25,1,3.1,,1,,,,
S210000003,Meadow Pipit,Anthus pratensis,26860,17,GB-SCT,,L8821002,"Handa Island, Scotland",58.3667,-5.1833,2010-03-20,07:15,eBird - Traveling Count,35,1,0.9,,2,,,,
S210000003,Eurasian Oystercatcher,Haematopus ostralegus,4950,16,GB-SCT,,L8821002,"Handa Island, Scotland",58.3667,-5.1833,2010-03-20,07:15,eBird - Traveling Count,35,1,0.9,,2,,,,
S210000003,Arctic Tern,Sterna paradisaea,6720,51,GB-SCT,,L8821002,"Handa Island, Scotland",58.3667,-5.1833,2010-03-20,07:15,eBird - Traveling Count,35,1,0.9,,2,,,,
S210000003,Red-throated Diver,Gavia stellata,490,15,GB-SCT,,L8821002,"Handa Island, Scotland",58.3667,-5.1833,2010-03-20,07:15,eBird - Traveling Count,35,1,0.9,,2,,,,
S210000003,Kittiwake,Rissa tridactyla,6500,10,GB-SCT,,L8821002,"Handa Island, Scotland",58.3667,-5.1833,2010-03-20,07:15,eBird - Traveling Count,35,1,0.9,,2,,,,
S210000003,Herring Gull,Larus argentatus,6380,17,GB-SCT,,L8821002,"Handa Island, Scotland",58.3667,-5.1833,2010-03-20,07:15,eBird - Traveling Count,35,1,0.9,,2,,,,
S210000004,Coppersmith Barbet,Psilopogon haemacephalus,17080,15,IN-RJ,,L8826001,"Ranthambore NP, India",26.0173,76.5026,2010-07-04,06:30,eBird - Traveling Count,45,1,3.6,,2,,,,
S210000004,Common Myna,Acridotheres tristis,28720,3,IN-RJ,,L8826001,"Ranthambore NP, India",26.0173,76.5026,2010-07-04,06:30,eBird - Traveling Count,45,1,3.6,,2,,,,
S210000004,Green Bee-eater,Merops orientalis,16460,3,IN-RJ,,L8826001,"Ranthambore NP, India",26.0173,76.5026,2010-07-04,06:30,eBird - Traveling Count,45,1,3.6,,2,,,,
S210000004,Indian Pond Heron,Ardeola grayii,1870,9,IN-RJ,,L8826001,"Ranthambore NP, India",26.0173,76.5026,2010-07-04,06:30,eBird - Traveling Count,45,1,3.6,,2,,,,
S210000004,Oriental Magpie-Robin,Copsychus saularis,30840,16,IN-RJ,,L8826001,"Ranthambore NP, India",26.0173,76.5026,2010-07-04,06:30,eBird - Traveling Count,45,1,3.6,,2,,,,
S210000004,White-throated Kingfisher,Halcyon smyrnensis,16020,3,IN-RJ,,L8826001,"Ranthambore NP, India",26.0173,76.5026,2010-07-04,06:30,eBird - Traveling Count,45,1,3.6,,2,,,,
S210000005,Collared Trogon,Trogon collaris,16500,2,CR,,L8831001,"Monteverde, Costa Rica",10.3,-84.8167,2010-09-02,09:30,eBird - Traveling Count,30,1,3.2,,2,,,,
S210000005,Sooty Thrush,Turdus nigrescens,19240,7,CR,,L8831001,"Monteverde, Costa Rica",10.3,-84.8167,2010-09-02,09:30,eBird - Traveling Count,30,1,3.2,,2,,,,
S210000005,Spectacled Owl,Pulsatrix perspicillata,4180,10,CR,,L8831001,"Monteverde, Costa Rica",10.3,-84.8167,2010-09-02,09:30,eBird - Traveling Count,30,1,3.2,,2,,,,
S210000005,Black-faced Solitaire,Myadestes melanops,30860,5,CR,,L8831001,"Monteverde, Costa Rica",10.3,-84.8167,2010-09-02,09:30,eBird - Traveling Count,30,1,3.2,,2,,,,
S210000005,Purple-throated Mountain-gem,Lampornis calolaemus,18060,8,CR,,L8831001,"Monteverde, Costa Rica",10.3,-84.8167,2010-09-02,09:30,eBird - Traveling Count,30,1,3.2,,2,,,,
S210000005,Prong-billed Barbet,Semnornis frantzii,17060,13,CR,,L8831001,"Monteverde, Costa Rica",10.3,-84.8167,2010-09-02,09:30,eBird - Traveling Count,30,1,3.2,,2,,,,
S210000005,Violet Sabrewing,Campylopterus hemileucurus,18000,13,CR,,L8831001,"Monteverde, Costa Rica",10.3,-84.8167,2010-09-02,09:30,eBird - Traveling Count,30,1,3.2,,2,,,,
S210000006,Turquoise Tanager,Tangara mexicana,36040,6,BR-AM,,L8824001,"Amazon Rainforest - Manaus, Brazil",-3.119,-60.0218,2011-02-05,07:15,eBird - Traveling Count,120,1,1.6,,2,,,,
S210000006,Hoatzin,Opisthocomus hoazin,1000,9,BR-AM,,L8824001,"Amazon Rainforest - Manaus, Brazil",-3.119,-60.0218,2011-02-05,07:15,eBird - Traveling Count,120,1,1.6,,2,,,,
S210000006,Channel-billed Toucan,Ramphastos vitellinus,17120,10,BR-AM,,L8824001,"Amazon Rainforest - Manaus, Brazil",-3.119,-60.0218,2011-02-05,07:15,eBird - Traveling Count,120,1,1.6,,2,,,,
S210000006,White-throated Toucan,Ramphastos tucanus,17100,1,BR-AM,,L8824001,"Amazon Rainforest - Manaus, Brazil",-3.119,-60.0218,2011-02-05,07:15,eBird - Traveling Count,120,1,1.6,,2,,,,
S210000006,Ringed Kingfisher,Megaceryle torquata,16020,5,BR-AM,,L8824001,"Amazon Rainforest - Manaus, Brazil",-3.119,-60.0218,2011-02-05,07:15,eBird - Traveling Count,120,1,1.6,,2,,,,
S210000006,Mealy Parrot,Amazona farinosa,16640,14,BR-AM,,L8824001,"Amazon Rainforest - Manaus, Brazil",-3.119,-60.0218,2011-02-05,07:15,eBird - Traveling Count,120,1,1.6,,2,,,,
S210000006,Red-and-green Macaw,Ara chloropterus,16370,18,BR-AM,,L8824001,"Amazon Rainforest - Manaus, Brazil",-3.119,-60.0218,2011-02-05,07:15,eBird - Traveling Count,120,1,1.6,,2,,,,
S210000007,Red-billed Hornbill,Tockus erythrorhynchus,17580,13,TZ,,L8829001,"Serengeti, Tanzania",-2.3333,34.8333,2011-03-12,16:45,eBird - Traveling Count,50,1,2.3,,2,,,,
S210000007,White-backed Vulture,Gyps africanus,3740,1,TZ,,L8829001,"Serengeti, Tanzania",-2.3333,34.8333,2011-03-12,16:45,eBird - Traveling Count,50,1,2.3,,2,,,,
S210000007,Great White Pelican,Pelecanus onocrotalus,730,177,TZ,,L8829001,"Serengeti, Tanzania",-2.3333,34.8333,2011-03-12,16:45,eBird - Traveling Count,50,1,2.3,,2,,,,
S210000007,Kori Bustard,Ardeotis kori,2640,3,TZ,,L8829001,"Serengeti, Tanzania",-2.3333,34.8333,2011-03-12,16:45,eBird - Traveling Count,50,1,2.3,,2,,,,
S210000007,Lilac-breasted Roller,Coracias caudatus,16540,7,TZ,,L8829001,"Serengeti, Tanzania",-2.3333,34.8333,2011-03-12,16:45,eBird - Traveling Count,50,1,2.3,,2,,,,
S210000007,Marabou Stork,Leptoptilos crumenifer,2320,4,TZ,,L8829001,"Serengeti, Tanzania",-2.3333,34.8333,2011-03-12,16:45,eBird - Traveling Count,50,1,2.3,,2,,,,
S210000007,Grey-crowned Crane,Balearica regulorum,2700,2,TZ,,L8829001,"Serengeti, Tanzania",-2.3333,34.8333,2011-03-12,16:45,eBird - Traveling Count,50,1,2.3,,2,,,,
S210000008,Laughing Kookaburra,Dacelo novaeguineae,16080,9,AU-NSW,,L8823001,"Lane Cove National Park, Australia",-33.7833,151.1667,2011-05-04,13:00,eBird - Traveling Count,35,1,3.3,,1,,,,
S210000008,Sulphur-crested Cockatoo,Cacatua galerita,16060,12,AU-NSW,,L8823001,"Lane Cove National Park, Australia",-33.7833,151.1667,2011-05-04,13:00,eBird - Traveling Count,35,1,3.3,,1,,,,
S210000008,Australian Magpie,Gymnorhina tibicen,18760,12,AU-NSW,,L8823001,"Lane Cove National Park, Australia",-33.7833,151.1667,2011-05-04,13:00,eBird - Traveling Count,35,1,3.3,,1,,,,
S210000008,Grey Fantail,Rhipidura albiscapa,29800,16,AU-NSW,,L8823001,"Lane Cove National Park, Australia",-33.7833,151.1667,2011-05-04,13:00,eBird - Traveling Count,35,1,3.3,,1,,,,
S210000008,Rainbow Lorikeet,Trichoglossus moluccanus,16180,23,AU-NSW,,L8823001,"Lane Cove National Park, Australia",-33.7833,151.1667,2011-05-04,13:00,eBird - Traveling Count,35,1,3.3,,1,,,,
S210000008,New Holland Honeyeater,Phylidonyris novaehollandiae,29020,4,AU-NSW,,L8823001,"Lane Cove National Park, Australia",-33.7833,151.1667,2011-05-04,13:00,eBird - Traveling Count,35,1,3.3,,1,,,,
S210000008,Tawny Frogmouth,Podargus strigoides,15860,16,AU-NSW,,L8823001,"Lane Cove National Park, Australia",-33.7833,151.1667,2011-05-04,13:00,eBird - Traveling Count,35,1,3.3,,1,,,,
S210000009,Eurasian Buzzard,Buteo buteo,3960,2,JP,,L8825001,"Kushiro Shitsugen, Japan",43.0833,144.4167,2011-07-15,09:15,eBird - Traveling Count,75,1,0.6,,2,,,,
S210000009,Steller's Sea Eagle,Haliaeetus pelagicus,3840,1,JP,,L8825001,"Kushiro Shitsugen, Japan",43.0833,144.4167,2011-07-15,09:15,eBird - Traveling Count,75,1,0.6,,2,,,,
S210000009,Brambling,Fringilla montifringilla,52220,17,JP,,L8825001,"Kushiro Shitsugen, Japan",43.0833,144.4167,2011-07-15,09:15,eBird - Traveling Count,75,1,0.6,,2,,,,
S210000009,White-tailed Eagle,Haliaeetus albicilla,3820,3,JP,,L8825001,"Kushiro Shitsugen, Japan",43.0833,144.4167,2011-07-15,09:15,eBird - Traveling Count,75,1,0.6,,2,,,,
S210000009,White Wagtail,Motacilla alba,26940,3,JP,,L8825001,"Kushiro Shitsugen, Japan",43.0833,144.4167,2011-07-15,09:15,eBird - Traveling Count,75,1,0.6,,2,,,,
S210000009,Eurasian Wigeon,Mareca penelope,1720,9,JP,,L8825001,"Kushiro Shitsugen, Japan",43.0833,144.4167,2011-07-15,09:15,eBird - Traveling Count,75,1,0.6,,2,,,,
S210000010,Pied Currawong,Strepera graculina,18800,7,AU-NSW,,L8823001,"Lane Cove National Park, Australia",-33.7833,151.1667,2011-08-17,07:15,eBird - Traveling Count,50,1,3.8,,1,,,,
S210000010,Superb Fairy-wren,Malurus cyaneus,30020,17,AU-NSW,,L8823001,"Lane Cove National Park, Australia",-33.7833,151.1667,2011-08-17,07:15,eBird - Traveling Count,50,1,3.8,,1,,,,
S210000010,Willie Wagtail,Rhipidura leucophrys,29820,16,AU-NSW,,L8823001,"Lane Cove National Park, Australia",-33.7833,151.1667,2011-08-17,07:15,eBird - Traveling Count,50,1,3.8,,1,,,,
S210000010,Sacred Kingfisher,Todiramphus sanctus,16060,12,AU-NSW,,L8823001,"Lane Cove National Park, Australia",-33.7833,151.1667,2011-08-17,07:15,eBird - Traveling Count,50,1,3.8,,1,,,,
S210000010,Sulphur-crested Cockatoo,Cacatua galerita,16060,1,AU-NSW,,L8823001,"Lane Cove National Park, Australia",-33.7833,151.1667,2011-08-17,07:15,eBird - Traveling Count,50,1,3.8,,1,,,,
S210000011,Yellow-billed Stork,Mycteria ibis,2300,4,TZ,,L8829001,"Serengeti, Tanzania",-2.3333,34.8333,2012-04-23,07:30,eBird - Traveling Count,35,1,2.7,,1,,,,
S210000011,Yellow-billed Hornbill,Tockus leucomelas,17600,12,TZ,,L8829001,"Serengeti, Tanzania",-2.3333,34.8333,2012-04-23,07:30,eBird - Traveling Count,35,1,2.7,,1,,,,
S210000011,African Sacred Ibis,Threskiornis aethiopicus,1960,3,TZ,,L8829001,"Serengeti, Tanzania",-2.3333,34.8333,2012-04-23,07:30,eBird - Traveling Count,35,1,2.7,,1,,,,
S210000011,Secretarybird,Sagittarius serpentarius,3700,1,TZ,,L8829001,"Serengeti, Tanzania",-2.3333,34.8333,2012-04-23,07:30,eBird - Traveling Count,35,1,2.7,,1,,,,
S210000011,Lappet-faced Vulture,Torgos tracheliotos,3720,4,TZ,,L8829001,"Serengeti, Tanzania",-2.3333,34.8333,2012-04-23,07:30,eBird - Traveling Count,35,1,2.7,,1,,,,
S210000011,Kori Bustard,Ardeotis kori,2640,7,TZ,,L8829001,"Serengeti, Tanzania",-2.3333,34.8333,2012-04-23,07:30,eBird - Traveling Count,35,1,2.7,,1,,,,
S210000012,Common Starling,Sturnus vulgaris,28680,27,GB-ENG,,L8821001,"Richmond Park, England",51.4414,-0.2756,2012-05-16,06:15,eBird - Traveling Count,30,1,5.0,,1,,,,
S210000012,Ring-necked Parakeet,Psittacula krameri,16140,15,GB-ENG,,L8821001,"Richmond Park, England",51.4414,-0.2756,2012-05-16,06:15,eBird - Traveling Count,30,1,5.0,,1,,,,
S210000012,Great Tit,Parus major,19040,5,GB-ENG,,L8821001,"Richmond Park, England",51.4414,-0.2756,2012-05-16,06:15,eBird - Traveling Count,30,1,5.0,,1,,,,
S210000012,Eurasian Magpie,Pica pica,18620,16,GB-ENG,,L8821001,"Richmond Park, England",51.4414,-0.2756,2012-05-16,06:15,eBird - Traveling Count,30,1,5.0,,1,,,,
S210000012,Red Kite,Milvus milvus,3820,3,GB-ENG,,L8821001,"Richmond Park, England",51.4414,-0.2756,2012-05-16,06:15,eBird - Traveling Count,30,1,5.0,,1,,,,
S210000012,Jay,Garrulus glandarius,18580,5,GB-ENG,,L8821001,"Richmond Park, England",51.4414,-0.2756,2012-05-16,06:15,eBird - Traveling Count,30,1,5.0,,1,,,,
S210000013,Indian Peafowl,Pavo cristatus,2720,10,IN-RJ,,L8826001,"Ranthambore NP, India",26.0173,76.5026,2012-08-18,16:15,eBird - Traveling Count,35,1,0.6,,1,,,,
S210000013,Grey-headed Swamphen,Porphyrio poliocephalus,4600,17,IN-RJ,,L8826001,"Ranthambore NP, India",26.0173,76.5026,2012-08-18,16:15,eBird - Traveling Count,35,1,0.6,,1,,,,
S210000013,Crested Serpent Eagle,Spilornis cheela,3520,2,IN-RJ,,L8826001,"Ranthambore NP, India",26.0173,76.5026,2012-08-18,16:15,eBird - Traveling Count,35,1,0.6,,1,,,,
S210000013,Red-vented Bulbul,Pycnonotus cafer,31260,11,IN-RJ,,L8826001,"Ranthambore NP, India",26.0173,76.5026,2012-08-18,16:15,eBird - Traveling Count,35,1,0.6,,1,,,,
S210000013,Rufous Treepie,Dendrocitta vagabunda,18640,9,IN-RJ,,L8826001,"Ranthambore NP, India",26.0173,76.5026,2012-08-18,16:15,eBird - Traveling Count,35,1,0.6,,1,,,,
S210000014,Blue-and-yellow Macaw,Ara ararauna,16360,17,BR-AM,,L8824001,"Amazon Rainforest - Manaus, Brazil",-3.119,-60.0218,2012-12-18,10:45,eBird - Traveling Count,75,1,1.1,,1,,,,
S210000014,Channel-billed Toucan,Ramphastos vitellinus,17120,17,BR-AM,,L8824001,"Amazon Rainforest - Manaus, Brazil",-3.119,-60.0218,2012-12-18,10:45,eBird - Traveling Count,75,1,1.1,,1,,,,
S210000014,Sunbittern,Eurypyga helias,2400,10,BR-AM,,L8824001,"Amazon Rainforest - Manaus, Brazil",-3.119,-60.0218,2012-12-18,10:45,eBird - Traveling Count,75,1,1.1,,1,,,,
S210000014,White-throated Toucan,Ramphastos tucanus,17100,15,BR-AM,,L8824001,"Amazon Rainforest - Manaus, Brazil",-3.119,-60.0218,2012-12-18,10:45,eBird - Traveling Count,75,1,1.1,,1,,,,
S210000014,Masked Crimson Tanager,Ramphocelus nigrogularis,35800,6,BR-AM,,L8824001,"Amazon Rainforest - Manaus, Brazil",-3.119,-60.0218,2012-12-18,10:45,eBird - Traveling Count,75,1,1.1,,1,,,,
S210000015,Spectacled Owl,Pulsatrix perspicillata,4180,9,CR,,L8831001,"Monteverde, Costa Rica",10.3,-84.8167,2013-03-20,09:00,eBird - Traveling Count,75,1,0.8,,1,,,,
S210000015,Three-wattled Bellbird,Procnias tricarunculatus,24600,2,CR,,L8831001,"Monteverde, Costa Rica",10.3,-84.8167,2013-03-20,09:00,eBird - Traveling Count,75,1,0.8,,1,,,,
S210000015,Prong-billed Barbet,Semnornis frantzii,17060,4,CR,,L8831001,"Monteverde, Costa Rica",10.3,-84.8167,2013-03-20,09:00,eBird - Traveling Count,75,1,0.8,,1,,,,
S210000015,Mountain Thrush,Turdus plebejus,19260,17,CR,,L8831001,"Monteverde, Costa Rica",10.3,-84.8167,2013-03-20,09:00,eBird - Traveling Count,75,1,0.8,,1,,,,
S210000015,Slaty-tailed Trogon,Trogon massena,16520,15,CR,,L8831001,"Monteverde, Costa Rica",10.3,-84.8167,2013-03-20,09:00,eBird - Traveling Count,75,1,0.8,,1,,,,
S210000016,Dark-eyed Junco,Junco hyemalis,29920,18,US-VA,Fauquier,L715338,"Harrison Road, Fauquier VA",38.8468616,-77.8050894,2013-08-18,09:45,eBird - Traveling Count,75,1,4.7,,2,,,,
S210000016,Song Sparrow,Melospiza melodia,29580,7,US-VA,Fauquier,L715338,"Harrison Road, Fauquier VA",38.8468616,-77.8050894,2013-08-18,09:45,eBird - Traveling Count,75,1,4.7,,2,,,,
S210000016,European Starling,Sturnus vulgaris,28680,65,US-VA,Fauquier,L715338,"Harrison Road, Fauquier VA",38.8468616,-77.8050894,2013-08-18,09:45,eBird - Traveling Count,75,1,4.7,,2,,,,
S210000016,Carolina Chickadee,Poecile carolinensis,18920,5,US-VA,Fauquier,L715338,"Harrison Road, Fauquier VA",38.8468616,-77.8050894,2013-08-18,09:45,eBird - Traveling Count,75,1,4.7,,2,,,,
S210000016,White-breasted Nuthatch,Sitta carolinensis,19340,14,US-VA,Fauquier,L715338,"Harrison Road, Fauquier VA",38.8468616,-77.8050894,2013-08-18,09:45,eBird - Traveling Count,75,1,4.7,,2,,,,
S210000017,White-throated Toucan,Ramphastos tucanus,17100,9,BR-AM,,L8824001,"Amazon Rainforest - Manaus, Brazil",-3.119,-60.0218,2013-11-04,06:15,eBird - Traveling Count,120,1,3.5,,1,,,,
S210000017,Red-and-green Macaw,Ara chloropterus,16370,5,BR-AM,,L8824001,"Amazon Rainforest - Manaus, Brazil",-3.119,-60.0218,2013-11-04,06:15,eBird - Traveling Count,120,1,3.5,,1,,,,
S210000017,Paradise Tanager,Tangara chilensis,36060,15,BR-AM,,L8824001,"Amazon Rainforest - Manaus, Brazil",-3.119,-60.0218,2013-11-04,06:15,eBird - Traveling Count,120,1,3.5,,1,,,,
S210000017,Ringed Kingfisher,Megaceryle torquata,16020,8,BR-AM,,L8824001,"Amazon Rainforest - Manaus, Brazil",-3.119,-60.0218,2013-11-04,06:15,eBird - Traveling Count,120,1,3.5,,1,,,,
S210000017,Blue-and-yellow Macaw,Ara ararauna,16360,4,BR-AM,,L8824001,"Amazon Rainforest - Manaus, Brazil",-3.119,-60.0218,2013-11-04,06:15,eBird - Traveling Count,120,1,3.5,,1,,,,
S210000017,Mealy Parrot,Amazona farinosa,16640,13,BR-AM,,L8824001,"Amazon Rainforest - Manaus, Brazil",-3.119,-60.0218,2013-11-04,06:15,eBird - Traveling Count,120,1,3.5,,1,,,,
S210000018,Smew,Mergellus albellus,1840,1,JP,,L8825001,"Kushiro Shitsugen, Japan",43.0833,144.4167,2013-12-29,09:15,eBird - Traveling Count,45,1,1.9,,2,,,,
S210000018,Eurasian Wigeon,Mareca penelope,1720,11,JP,,L8825001,"Kushiro Shitsugen, Japan",43.0833,144.4167,2013-12-29,09:15,eBird - Traveling Count,45,1,1.9,,2,,,,
S210000018,White Wagtail,Motacilla alba,26940,18,JP,,L8825001,"Kushiro Shitsugen, Japan",43.0833,144.4167,2013-12-29,09:15,eBird - Traveling Count,45,1,1.9,,2,,,,
S210000018,Common Teal,Anas crecca,1530,15,JP,,L8825001,"Kushiro Shitsugen, Japan",43.0833,144.4167,2013-12-29,09:15,eBird - Traveling Count,45,1,1.9,,2,,,,
S210000018,Common Goldeneye,Bucephala clangula,1820,15,JP,,L8825001,"Kushiro Shitsugen, Japan",43.0833,144.4167,2013-12-29,09:15,eBird - Traveling Count,45,1,1.9,,2,,,,
S210000019,Snowy Egret,Egretta thula,1920,13,US-VA,Norfolk,L2435455,"The Hague, Norfolk VA",36.8549692,-76.2982732,2014-05-17,14:30,eBird - Traveling Count,30,1,4.2,,2,,,,
S210000019,Double-crested Cormorant,Nannopterum auritum,720,27,US-VA,Norfolk,L2435455,"The Hague, Norfolk VA",36.8549692,-76.2982732,2014-05-17,14:30,eBird - Traveling Count,30,1,4.2,,2,,,,
S210000019,Ring-billed Gull,Larus delawarensis,6320,76,US-VA,Norfolk,L2435455,"The Hague, Norfolk VA",36.8549692,-76.2982732,2014-05-17,14:30,eBird - Traveling Count,30,1,4.2,,2,,,,
S210000019,Royal Tern,Thalasseus maximus,6660,73,US-VA,Norfolk,L2435455,"The Hague, Norfolk VA",36.8549692,-76.2982732,2014-05-17,14:30,eBird - Traveling Count,30,1,4.2,,2,,,,
S210000019,Herring Gull,Larus argentatus,6380,71,US-VA,Norfolk,L2435455,"The Hague, Norfolk VA",36.8549692,-76.2982732,2014-05-17,14:30,eBird - Traveling Count,30,1,4.2,,2,,,,
S210000020,New Holland Honeyeater,Phylidonyris novaehollandiae,29020,3,AU-NSW,,L8823001,"Lane Cove National Park, Australia",-33.7833,151.1667,2014-06-23,06:00,eBird - Traveling Count,40,1,0.9,,1,,,,
S210000020,Laughing Kookaburra,Dacelo novaeguineae,16080,9,AU-NSW,,L8823001,"Lane Cove National Park, Australia",-33.7833,151.1667,2014-06-23,06:00,eBird - Traveling Count,40,1,0.9,,1,,,,
S210000020,Australian King-Parrot,Alisterus scapularis,16200,4,AU-NSW,,L8823001,"Lane Cove National Park, Australia",-33.7833,151.1667,2014-06-23,06:00,eBird - Traveling Count,40,1,0.9,,1,,,,
S210000020,Crimson Rosella,Platycercus elegans,16240,15,AU-NSW,,L8823001,"Lane Cove National Park, Australia",-33.7833,151.1667,2014-06-23,06:00,eBird - Traveling Count,40,1,0.9,,1,,,,
S210000020,Common Myna,Acridotheres tristis,28720,1,AU-NSW,,L8823001,"Lane Cove National Park, Australia",-33.7833,151.1667,2014-06-23,06:00,eBird - Traveling Count,40,1,0.9,,1,,,,
S210000021,Red-vented Bulbul,Pycnonotus cafer,31260,10,IN-RJ,,L8826001,"Ranthambore NP, India",26.0173,76.5026,2014-07-11,14:30,eBird - Traveling Count,20,1,1.3,,2,,,,
S210000021,Green Bee-eater,Merops orientalis,16460,17,IN-RJ,,L8826001,"Ranthambore NP, India",26.0173,76.5026,2014-07-11,14:30,eBird - Traveling Count,20,1,1.3,,2,,,,
S210000021,Indian Roller,Coracias benghalensis,16520,7,IN-RJ,,L8826001,"Ranthambore NP, India",26.0173,76.5026,2014-07-11,14:30,eBird - Traveling Count,20,1,1.3,,2,,,,
S210000021,Grey-headed Swamphen,Porphyrio poliocephalus,4600,10,IN-RJ,,L8826001,"Ranthambore NP, India",26.0173,76.5026,2014-07-11,14:30,eBird - Traveling Count,20,1,1.3,,2,,,,
S210000021,Rufous Treepie,Dendrocitta vagabunda,18640,15,IN-RJ,,L8826001,"Ranthambore NP, India",26.0173,76.5026,2014-07-11,14:30,eBird - Traveling Count,20,1,1.3,,2,,,,
S210000021,Crested Serpent Eagle,Spilornis cheela,3520,2,IN-RJ,,L8826001,"Ranthambore NP, India",26.0173,76.5026,2014-07-11,14:30,eBird - Traveling Count,20,1,1.3,,2,,,,
S210000022,New Holland Honeyeater,Phylidonyris novaehollandiae,29020,14,AU-NSW,,L8823001,"Lane Cove National Park, Australia",-33.7833,151.1667,2014-09-09,07:45,eBird - Traveling Count,35,1,4.7,,1,,,,
S210000022,Laughing Kookaburra,Dacelo novaeguineae,16080,16,AU-NSW,,L8823001,"Lane Cove National Park, Australia",-33.7833,151.1667,2014-09-09,07:45,eBird - Traveling Count,35,1,4.7,,1,,,,
S210000022,Australian Magpie,Gymnorhina tibicen,18760,18,AU-NSW,,L8823001,"Lane Cove National Park, Australia",-33.7833,151.1667,2014-09-09,07:45,eBird - Traveling Count,35,1,4.7,,1,,,,
S210000022,Sacred Kingfisher,Todiramphus sanctus,16060,13,AU-NSW,,L8823001,"Lane Cove National Park, Australia",-33.7833,151.1667,2014-09-09,07:45,eBird - Traveling Count,35,1,4.7,,1,,,,
S210000022,Pied Currawong,Strepera graculina,18800,17,AU-NSW,,L8823001,"Lane Cove National Park, Australia",-33.7833,151.1667,2014-09-09,07:45,eBird - Traveling Count,35,1,4.7,,1,,,,
S210000023,Keel-billed Toucan,Ramphastos sulfuratus,17160,17,CR,,L8831001,"Monteverde, Costa Rica",10.3,-84.8167,2015-04-27,08:45,eBird - Traveling Count,30,1,0.7,,2,,,,
S210000023,Long-tailed Silky-flycatcher,Ptiliogonys caudatus,30900,10,CR,,L8831001,"Monteverde, Costa Rica",10.3,-84.8167,2015-04-27,08:45,eBird - Traveling Count,30,1,0.7,,2,,,,
S210000023,Black-faced Solitaire,Myadestes melanops,30860,8,CR,,L8831001,"Monteverde, Costa Rica",10.3,-84.8167,2015-04-27,08:45,eBird - Traveling Count,30,1,0.7,,2,,,,
S210000023,Resplendent Quetzal,Pharomachrus mocinno,16500,10,CR,,L8831001,"Monteverde, Costa Rica",10.3,-84.8167,2015-04-27,08:45,eBird - Traveling Count,30,1,0.7,,2,,,,
S210000023,Common Chlorospingus,Chlorospingus flavopectus,36000,2,CR,,L8831001,"Monteverde, Costa Rica",10.3,-84.8167,2015-04-27,08:45,eBird - Traveling Count,30,1,0.7,,2,,,,
S210000023,Emerald Toucanet,Aulacorhynchus prasinus,17100,15,CR,,L8831001,"Monteverde, Costa Rica",10.3,-84.8167,2015-04-27,08:45,eBird - Traveling Count,30,1,0.7,,2,,,,
S210000023,Sooty Thrush,Turdus nigrescens,19240,6,CR,,L8831001,"Monteverde, Costa Rica",10.3,-84.8167,2015-04-27,08:45,eBird - Traveling Count,30,1,0.7,,2,,,,
S210000024,Lesser Flamingo,Phoeniconaias minor,9190,275,KE,,L8822001,"Lake Nakuru, Kenya",0.36,36.0833,2015-06-06,08:15,eBird - Traveling Count,45,1,1.3,,2,,,,
S210000024,Little Egret,Egretta garzetta,1930,3,KE,,L8822001,"Lake Nakuru, Kenya",0.36,36.0833,2015-06-06,08:15,eBird - Traveling Count,45,1,1.3,,2,,,,
S210000024,African Jacana,Actophilornis africanus,5060,16,KE,,L8822001,"Lake Nakuru, Kenya",0.36,36.0833,2015-06-06,08:15,eBird - Traveling Count,45,1,1.3,,2,,,,
S210000024,Yellow-billed Stork,Mycteria ibis,2300,3,KE,,L8822001,"Lake Nakuru, Kenya",0.36,36.0833,2015-06-06,08:15,eBird - Traveling Count,45,1,1.3,,2,,,,
S210000024,African Pied Wagtail,Motacilla aguimp,26960,17,KE,,L8822001,"Lake Nakuru, Kenya",0.36,36.0833,2015-06-06,08:15,eBird - Traveling Count,45,1,1.3,,2,,,,
S210000024,Lilac-breasted Roller,Coracias caudatus,16540,7,KE,,L8822001,"Lake Nakuru, Kenya",0.36,36.0833,2015-06-06,08:15,eBird - Traveling Count,45,1,1.3,,2,,,,
S210000025,Common Kingfisher,Alcedo atthis,16000,3,IN-RJ,,L8826001,"Ranthambore NP, India",26.0173,76.5026,2015-10-08,09:00,eBird - Traveling Count,40,1,1.9,,1,,,,
S210000025,Red-vented Bulbul,Pycnonotus cafer,31260,17,IN-RJ,,L8826001,"Ranthambore NP, India",26.0173,76.5026,2015-10-08,09:00,eBird - Traveling Count,40,1,1.9,,1,,,,
S210000025,Grey-headed Swamphen,Porphyrio poliocephalus,4600,5,IN-RJ,,L8826001,"Ranthambore NP, India",26.0173,76.5026,2015-10-08,09:00,eBird - Traveling Count,40,1,1.9,,1,,,,
S210000025,Indian Spot-billed Duck,Anas poecilorhyncha,1480,13,IN-RJ,,L8826001,"Ranthambore NP, India",26.0173,76.5026,2015-10-08,09:00,eBird - Traveling Count,40,1,1.9,,1,,,,
S210000025,White-throated Kingfisher,Halcyon smyrnensis,16020,11,IN-RJ,,L8826001,"Ranthambore NP, India",26.0173,76.5026,2015-10-08,09:00,eBird - Traveling Count,40,1,1.9,,1,,,,
S210000026,Eurasian Buzzard,Buteo buteo,3960,2,JP,,L8825001,"Kushiro Shitsugen, Japan",43.0833,144.4167,2015-11-24,16:15,eBird - Traveling Count,75,1,3.9,,1,,,,
S210000026,Bean Goose,Anser fabalis,1980,18,JP,,L8825001,"Kushiro Shitsugen, Japan",43.0833,144.4167,2015-11-24,16:15,eBird - Traveling Count,75,1,3.9,,1,,,,
S210000026,Red-crowned Crane,Grus japonensis,2760,1,JP,,L8825001,"Kushiro Shitsugen, Japan",43.0833,144.4167,2015-11-24,16:15,eBird - Traveling Count,75,1,3.9,,1,,,,
S210000026,Common Kingfisher,Alcedo atthis,16000,2,JP,,L8825001,"Kushiro Shitsugen, Japan",43.0833,144.4167,2015-11-24,16:15,eBird - Traveling Count,75,1,3.9,,1,,,,
S210000026,White Wagtail,Motacilla alba,26940,5,JP,,L8825001,"Kushiro Shitsugen, Japan",43.0833,144.4167,2015-11-24,16:15,eBird - Traveling Count,75,1,3.9,,1,,,,
S210000027,Australian Raven,Corvus coronoides,18760,17,AU-NSW,,L8823001,"Lane Cove National Park, Australia",-33.7833,151.1667,2015-12-21,07:45,eBird - Traveling Count,40,1,0.5,,1,,,,
S210000027,Eastern Yellow Robin,Eopsaltria australis,30800,76,AU-NSW,,L8823001,"Lane Cove National Park, Australia",-33.7833,151.1667,2015-12-21,07:45,eBird - Traveling Count,40,1,0.5,,1,,,,
S210000027,Laughing Kookaburra,Dacelo novaeguineae,16080,3,AU-NSW,,L8823001,"Lane Cove National Park, Australia",-33.7833,151.1667,2015-12-21,07:45,eBird - Traveling Count,40,1,0.5,,1,,,,
S210000027,Willie Wagtail,Rhipidura leucophrys,29820,17,AU-NSW,,L8823001,"Lane Cove National Park, Australia",-33.7833,151.1667,2015-12-21,07:45,eBird - Traveling Count,40,1,0.5,,1,,,,
S210000027,Australian Magpie,Gymnorhina tibicen,18760,3,AU-NSW,,L8823001,"Lane Cove National Park, Australia",-33.7833,151.1667,2015-12-21,07:45,eBird - Traveling Count,40,1,0.5,,1,,,,
S210000028,Sooty Thrush,Turdus nigrescens,19240,9,CR,,L8831001,"Monteverde, Costa Rica",10.3,-84.8167,2016-02-08,10:15,eBird - Traveling Count,25,1,3.2,,2,,,,
S210000028,Mountain Thrush,Turdus plebejus,19260,10,CR,,L8831001,"Monteverde, Costa Rica",10.3,-84.8167,2016-02-08,10:15,eBird - Traveling Count,25,1,3.2,,2,,,,
S210000028,Long-tailed Silky-flycatcher,Ptiliogonys caudatus,30900,5,CR,,L8831001,"Monteverde, Costa Rica",10.3,-84.8167,2016-02-08,10:15,eBird - Traveling Count,25,1,3.2,,2,,,,
S210000028,Three-wattled Bellbird,Procnias tricarunculatus,24600,1,CR,,L8831001,"Monteverde, Costa Rica",10.3,-84.8167,2016-02-08,10:15,eBird - Traveling Count,25,1,3.2,,2,,,,
S210000028,Green-crowned Brilliant,Heliodoxa jacula,18100,16,CR,,L8831001,"Monteverde, Costa Rica",10.3,-84.8167,2016-02-08,10:15,eBird - Traveling Count,25,1,3.2,,2,,,,
S210000028,Prong-billed Barbet,Semnornis frantzii,17060,2,CR,,L8831001,"Monteverde, Costa Rica",10.3,-84.8167,2016-02-08,10:15,eBird - Traveling Count,25,1,3.2,,2,,,,
S210000028,Keel-billed Toucan,Ramphastos sulfuratus,17160,16,CR,,L8831001,"Monteverde, Costa Rica",10.3,-84.8167,2016-02-08,10:15,eBird - Traveling Count,25,1,3.2,,2,,,,
S210000029,Grey Wagtail,Motacilla cinerea,26920,18,IE,,L8830001,"Killarney NP, Ireland",52.05,-9.5167,2016-04-09,08:45,eBird - Traveling Count,60,1,2.6,,1,,,,
S210000029,Goldcrest,Regulus regulus,30760,7,IE,,L8830001,"Killarney NP, Ireland",52.05,-9.5167,2016-04-09,08:45,eBird - Traveling Count,60,1,2.6,,1,,,,
S210000029,Dipper,Cinclus cinclus,30100,10,IE,,L8830001,"Killarney NP, Ireland",52.05,-9.5167,2016-04-09,08:45,eBird - Traveling Count,60,1,2.6,,1,,,,
S210000029,Eurasian Sparrowhawk,Accipiter nisus,3920,1,IE,,L8830001,"Killarney NP, Ireland",52.05,-9.5167,2016-04-09,08:45,eBird - Traveling Count,60,1,2.6,,1,,,,
S210000029,Blue Tit,Cyanistes caeruleus,19060,16,IE,,L8830001,"Killarney NP, Ireland",52.05,-9.5167,2016-04-09,08:45,eBird - Traveling Count,60,1,2.6,,1,,,,
S210000030,African Fish Eagle,Haliaeetus vocifer,3800,3,KE,,L8822001,"Lake Nakuru, Kenya",0.36,36.0833,2016-05-01,14:00,eBird - Traveling Count,90,1,0.9,,2,,,,
S210000030,African Pied Wagtail,Motacilla aguimp,26960,5,KE,,L8822001,"Lake Nakuru, Kenya",0.36,36.0833,2016-05-01,14:00,eBird - Traveling Count,90,1,0.9,,2,,,,
S210000030,Lilac-breasted Roller,Coracias caudatus,16540,17,KE,,L8822001,"Lake Nakuru, Kenya",0.36,36.0833,2016-05-01,14:00,eBird - Traveling Count,90,1,0.9,,2,,,,
S210000030,African Spoonbill,Platalea alba,2020,9,KE,,L8822001,"Lake Nakuru, Kenya",0.36,36.0833,2016-05-01,14:00,eBird - Traveling Count,90,1,0.9,,2,,,,
S210000030,Marabou Stork,Leptoptilos crumenifer,2320,1,KE,,L8822001,"Lake Nakuru, Kenya",0.36,36.0833,2016-05-01,14:00,eBird - Traveling Count,90,1,0.9,,2,,,,
S210000030,White Pelican,Pelecanus onocrotalus,730,440,KE,,L8822001,"Lake Nakuru, Kenya",0.36,36.0833,2016-05-01,14:00,eBird - Traveling Count,90,1,0.9,,2,,,,
S210000031,Peregrine Falcon,Falco peregrinus,3600,3,GB-SCT,,L8821002,"Handa Island, Scotland",58.3667,-5.1833,2016-09-12,09:30,eBird - Traveling Count,30,1,2.4,,2,,,,
S210000031,Rock Pipit,Anthus petrosus,26900,4,GB-SCT,,L8821002,"Handa Island, Scotland",58.3667,-5.1833,2016-09-12,09:30,eBird - Traveling Count,30,1,2.4,,2,,,,
S210000031,Atlantic Puffin,Fratercula arctica,7490,11,GB-SCT,,L8821002,"Handa Island, Scotland",58.3667,-5.1833,2016-09-12,09:30,eBird - Traveling Count,30,1,2.4,,2,,,,
S210000031,Great Skua,Stercorarius skua,6200,1,GB-SCT,,L8821002,"Handa Island, Scotland",58.3667,-5.1833,2016-09-12,09:30,eBird - Traveling Count,30,1,2.4,,2,,,,
S210000031,Common Raven,Corvus corax,18740,11,GB-SCT,,L8821002,"Handa Island, Scotland",58.3667,-5.1833,2016-09-12,09:30,eBird - Traveling Count,30,1,2.4,,2,,,,
S210000031,Herring Gull,Larus argentatus,6380,51,GB-SCT,,L8821002,"Handa Island, Scotland",58.3667,-5.1833,2016-09-12,09:30,eBird - Traveling Count,30,1,2.4,,2,,,,
S210000032,Ringed Kingfisher,Megaceryle torquata,16020,2,BR-AM,,L8824001,"Amazon Rainforest - Manaus, Brazil",-3.119,-60.0218,2016-12-27,09:00,eBird - Traveling Count,45,1,4.7,,2,,,,
S210000032,Scarlet Macaw,Ara macao,16380,9,BR-AM,,L8824001,"Amazon Rainforest - Manaus, Brazil",-3.119,-60.0218,2016-12-27,09:00,eBird - Traveling Count,45,1,4.7,,2,,,,
S210000032,Masked Crimson Tanager,Ramphocelus nigrogularis,35800,4,BR-AM,,L8824001,"Amazon Rainforest - Manaus, Brazil",-3.119,-60.0218,2016-12-27,09:00,eBird - Traveling Count,45,1,4.7,,2,,,,
S210000032,Squirrel Cuckoo,Piaya cayana,17760,2,BR-AM,,L8824001,"Amazon Rainforest - Manaus, Brazil",-3.119,-60.0218,2016-12-27,09:00,eBird - Traveling Count,45,1,4.7,,2,,,,
S210000032,Amazonian Motmot,Momotus momota,16480,10,BR-AM,,L8824001,"Amazon Rainforest - Manaus, Brazil",-3.119,-60.0218,2016-12-27,09:00,eBird - Traveling Count,45,1,4.7,,2,,,,
S210000033,Eurasian Oystercatcher,Haematopus ostralegus,4950,16,GB-SCT,,L8821002,"Handa Island, Scotland",58.3667,-5.1833,2017-04-11,09:45,eBird - Traveling Count,90,1,3.9,,2,,,,
S210000033,Atlantic Puffin,Fratercula arctica,7490,2,GB-SCT,,L8821002,"Handa Island, Scotland",58.3667,-5.1833,2017-04-11,09:45,eBird - Traveling Count,90,1,3.9,,2,,,,
S210000033,Rock Pipit,Anthus petrosus,26900,18,GB-SCT,,L8821002,"Handa Island, Scotland",58.3667,-5.1833,2017-04-11,09:45,eBird - Traveling Count,90,1,3.9,,2,,,,
S210000033,Arctic Skua,Stercorarius parasiticus,6180,5,GB-SCT,,L8821002,"Handa Island, Scotland",58.3667,-5.1833,2017-04-11,09:45,eBird - Traveling Count,90,1,3.9,,2,,,,
S210000033,European Shag,Gulosus aristotelis,710,6,GB-SCT,,L8821002,"Handa Island, Scotland",58.3667,-5.1833,2017-04-11,09:45,eBird - Traveling Count,90,1,3.9,,2,,,,
S210000033,Common Guillemot,Uria aalge,7420,16,GB-SCT,,L8821002,"Handa Island, Scotland",58.3667,-5.1833,2017-04-11,09:45,eBird - Traveling Count,90,1,3.9,,2,,,,
S210000034,Grey Fantail,Rhipidura albiscapa,29800,3,AU-NSW,,L8823001,"Lane Cove National Park, Australia",-33.7833,151.1667,2017-05-14,10:45,eBird - Traveling Count,25,1,1.3,,1,,,,
S210000034,New Holland Honeyeater,Phylidonyris novaehollandiae,29020,7,AU-NSW,,L8823001,"Lane Cove National Park, Australia",-33.7833,151.1667,2017-05-14,10:45,eBird - Traveling Count,25,1,1.3,,1,,,,
S210000034,Common Myna,Acridotheres tristis,28720,17,AU-NSW,,L8823001,"Lane Cove National Park, Australia",-33.7833,151.1667,2017-05-14,10:45,eBird - Traveling Count,25,1,1.3,,1,,,,
S210000034,Crimson Rosella,Platycercus elegans,16240,16,AU-NSW,,L8823001,"Lane Cove National Park, Australia",-33.7833,151.1667,2017-05-14,10:45,eBird - Traveling Count,25,1,1.3,,1,,,,
S210000034,Willie Wagtail,Rhipidura leucophrys,29820,18,AU-NSW,,L8823001,"Lane Cove National Park, Australia",-33.7833,151.1667,2017-05-14,10:45,eBird - Traveling Count,25,1,1.3,,1,,,,
S210000034,Sulphur-crested Cockatoo,Cacatua galerita,16060,8,AU-NSW,,L8823001,"Lane Cove National Park, Australia",-33.7833,151.1667,2017-05-14,10:45,eBird - Traveling Count,25,1,1.3,,1,,,,
S210000035,Little Wattlebird,Anthochaera chrysoptera,29000,1,AU-NSW,,L8823001,"Lane Cove National Park, Australia",-33.7833,151.1667,2017-07-15,06:30,eBird - Traveling Count,35,1,2.2,,1,,,,
S210000035,Galah,Eolophus roseicapilla,16050,14,AU-NSW,,L8823001,"Lane Cove National Park, Australia",-33.7833,151.1667,2017-07-15,06:30,eBird - Traveling Count,35,1,2.2,,1,,,,
S210000035,Crimson Rosella,Platycercus elegans,16240,13,AU-NSW,,L8823001,"Lane Cove National Park, Australia",-33.7833,151.1667,2017-07-15,06:30,eBird - Traveling Count,35,1,2.2,,1,,,,
S210000035,Sulphur-crested Cockatoo,Cacatua galerita,16060,14,AU-NSW,,L8823001,"Lane Cove National Park, Australia",-33.7833,151.1667,2017-07-15,06:30,eBird - Traveling Count,35,1,2.2,,1,,,,
S210000035,Laughing Kookaburra,Dacelo novaeguineae,16080,17,AU-NSW,,L8823001,"Lane Cove National Park, Australia",-33.7833,151.1667,2017-07-15,06:30,eBird - Traveling Count,35,1,2.2,,1,,,,
S210000035,Rainbow Lorikeet,Trichoglossus moluccanus,16180,34,AU-NSW,,L8823001,"Lane Cove National Park, Australia",-33.7833,151.1667,2017-07-15,06:30,eBird - Traveling Count,35,1,2.2,,1,,,,
S210000036,Greater Flamingo,Phoenicopterus roseus,9170,276,KE,,L8822001,"Lake Nakuru, Kenya",0.36,36.0833,2017-09-13,10:15,eBird - Traveling Count,25,1,1.7,,1,,,,
S210000036,Superb Starling,Lamprotornis superbus,28800,59,KE,,L8822001,"Lake Nakuru, Kenya",0.36,36.0833,2017-09-13,10:15,eBird - Traveling Count,25,1,1.7,,1,,,,
S210000036,Little Egret,Egretta garzetta,1930,15,KE,,L8822001,"Lake Nakuru, Kenya",0.36,36.0833,2017-09-13,10:15,eBird - Traveling Count,25,1,1.7,,1,,,,
S210000036,Great White Egret,Ardea alba,1900,14,KE,,L8822001,"Lake Nakuru, Kenya",0.36,36.0833,2017-09-13,10:15,eBird - Traveling Count,25,1,1.7,,1,,,,
S210000036,Yellow-billed Stork,Mycteria ibis,2300,3,KE,,L8822001,"Lake Nakuru, Kenya",0.36,36.0833,2017-09-13,10:15,eBird - Traveling Count,25,1,1.7,,1,,,,
S210000036,African Fish Eagle,Haliaeetus vocifer,3800,1,KE,,L8822001,"Lake Nakuru, Kenya",0.36,36.0833,2017-09-13,10:15,eBird - Traveling Count,25,1,1.7,,1,,,,
S210000037,Northern Cardinal,Cardinalis cardinalis,18772,3,US-VA,Norfolk,L2435455,"The Hague, Norfolk VA",36.8549692,-76.2982732,2018-01-01,10:00,eBird - Traveling Count,120,1,4.3,,2,,,,
S210000037,American Wigeon,Mareca americana,1740,18,US-VA,Norfolk,L2435455,"The Hague, Norfolk VA",36.8549692,-76.2982732,2018-01-01,10:00,eBird - Traveling Count,120,1,4.3,,2,,,,
S210000037,Forster's Tern,Sterna forsteri,6680,13,US-VA,Norfolk,L2435455,"The Hague, Norfolk VA",36.8549692,-76.2982732,2018-01-01,10:00,eBird - Traveling Count,120,1,4.3,,2,,,,
S210000037,Snowy Egret,Egretta thula,1920,1,US-VA,Norfolk,L2435455,"The Hague, Norfolk VA",36.8549692,-76.2982732,2018-01-01,10:00,eBird - Traveling Count,120,1,4.3,,2,,,,
S210000037,Double-crested Cormorant,Nannopterum auritum,720,24,US-VA,Norfolk,L2435455,"The Hague, Norfolk VA",36.8549692,-76.2982732,2018-01-01,10:00,eBird - Traveling Count,120,1,4.3,,2,,,,
S210000037,Boat-tailed Grackle,Quiscalus major,28620,8,US-VA,Norfolk,L2435455,"The Hague, Norfolk VA",36.8549692,-76.2982732,2018-01-01,10:00,eBird - Traveling Count,120,1,4.3,,2,,,,
S210000038,Eastern Phoebe,Sayornis phoebe,26480,57,US-VA,Fauquier,L715338,"Harrison Road, Fauquier VA",38.8468616,-77.8050894,2018-07-19,06:00,eBird - Traveling Count,25,1,1.9,,1,,,,
S210000038,Eastern Towhee,Pipilo erythrophthalmus,29100,41,US-VA,Fauquier,L715338,"Harrison Road, Fauquier VA",38.8468616,-77.8050894,2018-07-19,06:00,eBird - Traveling Count,25,1,1.9,,1,,,,
S210000038,Eastern Bluebird,Sialia sialis,19800,36,US-VA,Fauquier,L715338,"Harrison Road, Fauquier VA",38.8468616,-77.8050894,2018-07-19,06:00,eBird - Traveling Count,25,1,1.9,,1,,,,
S210000038,House Finch,Haemorhous mexicanus,52390,1,US-VA,Fauquier,L715338,"Harrison Road, Fauquier VA",38.8468616,-77.8050894,2018-07-19,06:00,eBird - Traveling Count,25,1,1.9,,1,,,,
S210000038,Chipping Sparrow,Spizella passerina,29340,1,US-VA,Fauquier,L715338,"Harrison Road, Fauquier VA",38.8468616,-77.8050894,2018-07-19,06:00,eBird - Traveling Count,25,1,1.9,,1,,,,
S210000038,Carolina Chickadee,Poecile carolinensis,18920,18,US-VA,Fauquier,L715338,"Harrison Road, Fauquier VA",38.8468616,-77.8050894,2018-07-19,06:00,eBird - Traveling Count,25,1,1.9,,1,,,,
S210000038,American Crow,Corvus brachyrhynchos,18680,10,US-VA,Fauquier,L715338,"Harrison Road, Fauquier VA",38.8468616,-77.8050894,2018-07-19,06:00,eBird - Traveling Count,25,1,1.9,,1,,,,
S210000039,African Sacred Ibis,Threskiornis aethiopicus,1960,3,KE,,L8822001,"Lake Nakuru, Kenya",0.36,36.0833,2018-08-15,15:00,eBird - Traveling Count,20,1,1.4,,2,,,,
S210000039,Superb Starling,Lamprotornis superbus,28800,40,KE,,L8822001,"Lake Nakuru, Kenya",0.36,36.0833,2018-08-15,15:00,eBird - Traveling Count,20,1,1.4,,2,,,,
S210000039,Red-billed Oxpecker,Buphagus erythrorhynchus,28850,8,KE,,L8822001,"Lake Nakuru, Kenya",0.36,36.0833,2018-08-15,15:00,eBird - Traveling Count,20,1,1.4,,2,,,,
S210000039,Little Egret,Egretta garzetta,1930,14,KE,,L8822001,"Lake Nakuru, Kenya",0.36,36.0833,2018-08-15,15:00,eBird - Traveling Count,20,1,1.4,,2,,,,
S210000039,White Pelican,Pelecanus onocrotalus,730,269,KE,,L8822001,"Lake Nakuru, Kenya",0.36,36.0833,2018-08-15,15:00,eBird - Traveling Count,20,1,1.4,,2,,,,
S210000039,Lesser Flamingo,Phoeniconaias minor,9190,196,KE,,L8822001,"Lake Nakuru, Kenya",0.36,36.0833,2018-08-15,15:00,eBird - Traveling Count,20,1,1.4,,2,,,,
S210000040,Song Sparrow,Melospiza melodia,29580,10,US-VA,Fauquier,L715338,"Harrison Road, Fauquier VA",38.8468616,-77.8050894,2018-10-16,10:00,eBird - Traveling Count,35,1,2.7,,1,,,,
S210000040,Eastern Phoebe,Sayornis phoebe,26480,32,US-VA,Fauquier,L715338,"Harrison Road, Fauquier VA",38.8468616,-77.8050894,2018-10-16,10:00,eBird - Traveling Count,35,1,2.7,,1,,,,
S210000040,American Crow,Corvus brachyrhynchos,18680,8,US-VA,Fauquier,L715338,"Harrison Road, Fauquier VA",38.8468616,-77.8050894,2018-10-16,10:00,eBird - Traveling Count,35,1,2.7,,1,,,,
S210000040,Red-tailed Hawk,Buteo jamaicensis,3980,4,US-VA,Fauquier,L715338,"Harrison Road, Fauquier VA",38.8468616,-77.8050894,2018-10-16,10:00,eBird - Traveling Count,35,1,2.7,,1,,,,
S210000040,Turkey Vulture,Cathartes aura,3740,2,US-VA,Fauquier,L715338,"Harrison Road, Fauquier VA",38.8468616,-77.8050894,2018-10-16,10:00,eBird - Traveling Count,35,1,2.7,,1,,,,
S210000040,White-breasted Nuthatch,Sitta carolinensis,19340,9,US-VA,Fauquier,L715338,"Harrison Road, Fauquier VA",38.8468616,-77.8050894,2018-10-16,10:00,eBird - Traveling Count,35,1,2.7,,1,,,,
S210000040,Northern Cardinal,Cardinalis cardinalis,18772,10,US-VA,Fauquier,L715338,"Harrison Road, Fauquier VA",38.8468616,-77.8050894,2018-10-16,10:00,eBird - Traveling Count,35,1,2.7,,1,,,,
S210000041,Eurasian Oystercatcher,Haematopus ostralegus,4950,6,GB-SCT,,L8821002,"Handa Island, Scotland",58.3667,-5.1833,2019-03-29,10:15,eBird - Traveling Count,50,1,0.7,,1,,,,
S210000041,Common Guillemot,Uria aalge,7420,13,GB-SCT,,L8821002,"Handa Island, Scotland",58.3667,-5.1833,2019-03-29,10:15,eBird - Traveling Count,50,1,0.7,,1,,,,
S210000041,Northern Gannet,Morus bassanus,660,15,GB-SCT,,L8821002,"Handa Island, Scotland",58.3667,-5.1833,2019-03-29,10:15,eBird - Traveling Count,50,1,0.7,,1,,,,
S210000041,Rock Pipit,Anthus petrosus,26900,11,GB-SCT,,L8821002,"Handa Island, Scotland",58.3667,-5.1833,2019-03-29,10:15,eBird - Traveling Count,50,1,0.7,,1,,,,
S210000041,Atlantic Puffin,Fratercula arctica,7490,4,GB-SCT,,L8821002,"Handa Island, Scotland",58.3667,-5.1833,2019-03-29,10:15,eBird - Traveling Count,50,1,0.7,,1,,,,
S210000041,Black Guillemot,Cepphus grylle,7410,3,GB-SCT,,L8821002,"Handa Island, Scotland",58.3667,-5.1833,2019-03-29,10:15,eBird - Traveling Count,50,1,0.7,,1,,,,
S210000042,Eurasian Nuthatch,Sitta europaea,19320,1,GB-ENG,,L8821001,"Richmond Park, England",51.4414,-0.2756,2019-08-30,09:30,eBird - Traveling Count,45,1,2.5,,1,,,,
S210000042,Eurasian Wren,Troglodytes troglodytes,30140,3,GB-ENG,,L8821001,"Richmond Park, England",51.4414,-0.2756,2019-08-30,09:30,eBird - Traveling Count,45,1,2.5,,1,,,,
S210000042,Common Starling,Sturnus vulgaris,28680,43,GB-ENG,,L8821001,"Richmond Park, England",51.4414,-0.2756,2019-08-30,09:30,eBird - Traveling Count,45,1,2.5,,1,,,,
S210000042,Green Woodpecker,Picus viridis,16740,3,GB-ENG,,L8821001,"Richmond Park, England",51.4414,-0.2756,2019-08-30,09:30,eBird - Traveling Count,45,1,2.5,,1,,,,
S210000042,Red Kite,Milvus milvus,3820,3,GB-ENG,,L8821001,"Richmond Park, England",51.4414,-0.2756,2019-08-30,09:30,eBird - Traveling Count,45,1,2.5,,1,,,,
S210000042,Common Blackbird,Turdus merula,19180,14,GB-ENG,,L8821001,"Richmond Park, England",51.4414,-0.2756,2019-08-30,09:30,eBird - Traveling Count,45,1,2.5,,1,,,,
S210000043,Great Egret,Ardea alba,1900,11,US-VA,Norfolk,L2435455,"The Hague, Norfolk VA",36.8549692,-76.2982732,2019-10-31,07:30,eBird - Traveling Count,75,1,4.6,,1,,,,
S210000043,Mallard,Anas platyrhynchos,1450,12,US-VA,Norfolk,L2435455,"The Hague, Norfolk VA",36.8549692,-76.2982732,2019-10-31,07:30,eBird - Traveling Count,75,1,4.6,,1,,,,
S210000043,Canada Goose,Branta canadensis,1910,68,US-VA,Norfolk,L2435455,"The Hague, Norfolk VA",36.8549692,-76.2982732,2019-10-31,07:30,eBird - Traveling Count,75,1,4.6,,1,,,,
S210000043,Osprey,Pandion haliaetus,3560,1,US-VA,Norfolk,L2435455,"The Hague, Norfolk VA",36.8549692,-76.2982732,2019-10-31,07:30,eBird - Traveling Count,75,1,4.6,,1,,,,
S210000043,Bufflehead,Bucephala albeola,1810,14,US-VA,Norfolk,L2435455,"The Hague, Norfolk VA",36.8549692,-76.2982732,2019-10-31,07:30,eBird - Traveling Count,75,1,4.6,,1,,,,
S210000043,Ring-billed Gull,Larus delawarensis,6320,39,US-VA,Norfolk,L2435455,"The Hague, Norfolk VA",36.8549692,-76.2982732,2019-10-31,07:30,eBird - Traveling Count,75,1,4.6,,1,,,,
S210000043,Herring Gull,Larus argentatus,6380,59,US-VA,Norfolk,L2435455,"The Hague, Norfolk VA",36.8549692,-76.2982732,2019-10-31,07:30,eBird - Traveling Count,75,1,4.6,,1,,,,
S210000044,Sunbittern,Eurypyga helias,2400,41,BR-AM,,L8824001,"Amazon Rainforest - Manaus, Brazil",-3.119,-60.0218,2019-12-02,10:30,eBird - Traveling Count,45,1,1.7,,1,,,,
S210000044,Red-and-green Macaw,Ara chloropterus,16370,11,BR-AM,,L8824001,"Amazon Rainforest - Manaus, Brazil",-3.119,-60.0218,2019-12-02,10:30,eBird - Traveling Count,45,1,1.7,,1,,,,
S210000044,Blue-and-yellow Macaw,Ara ararauna,16360,9,BR-AM,,L8824001,"Amazon Rainforest - Manaus, Brazil",-3.119,-60.0218,2019-12-02,10:30,eBird - Traveling Count,45,1,1.7,,1,,,,
S210000044,Squirrel Cuckoo,Piaya cayana,17760,10,BR-AM,,L8824001,"Amazon Rainforest - Manaus, Brazil",-3.119,-60.0218,2019-12-02,10:30,eBird - Traveling Count,45,1,1.7,,1,,,,
S210000044,Mealy Parrot,Amazona farinosa,16640,1,BR-AM,,L8824001,"Amazon Rainforest - Manaus, Brazil",-3.119,-60.0218,2019-12-02,10:30,eBird - Traveling Count,45,1,1.7,,1,,,,
S210000045,Common Goldeneye,Bucephala clangula,1820,15,JP,,L8825001,"Kushiro Shitsugen, Japan",43.0833,144.4167,2020-01-23,08:15,eBird - Traveling Count,90,1,1.6,,2,,,,
S210000045,Common Kingfisher,Alcedo atthis,16000,12,JP,,L8825001,"Kushiro Shitsugen, Japan",43.0833,144.4167,2020-01-23,08:15,eBird - Traveling Count,90,1,1.6,,2,,,,
S210000045,Brambling,Fringilla montifringilla,52220,3,JP,,L8825001,"Kushiro Shitsugen, Japan",43.0833,144.4167,2020-01-23,08:15,eBird - Traveling Count,90,1,1.6,,2,,,,
S210000045,Smew,Mergellus albellus,1840,17,JP,,L8825001,"Kushiro Shitsugen, Japan",43.0833,144.4167,2020-01-23,08:15,eBird - Traveling Count,90,1,1.6,,2,,,,
S210000045,Steller's Sea Eagle,Haliaeetus pelagicus,3840,2,JP,,L8825001,"Kushiro Shitsugen, Japan",43.0833,144.4167,2020-01-23,08:15,eBird - Traveling Count,90,1,1.6,,2,,,,
S210000045,Large-billed Crow,Corvus macrorhynchos,18760,13,JP,,L8825001,"Kushiro Shitsugen, Japan",43.0833,144.4167,2020-01-23,08:15,eBird - Traveling Count,90,1,1.6,,2,,,,
S210000046,Common Wood Pigeon,Columba palumbus,17340,9,GB-ENG,,L8821001,"Richmond Park, England",51.4414,-0.2756,2020-02-25,08:15,eBird - Traveling Count,50,1,4.5,,1,,,,
S210000046,Great Tit,Parus major,19040,3,GB-ENG,,L8821001,"Richmond Park, England",51.4414,-0.2756,2020-02-25,08:15,eBird - Traveling Count,50,1,4.5,,1,,,,
S210000046,Common Starling,Sturnus vulgaris,28680,34,GB-ENG,,L8821001,"Richmond Park, England",51.4414,-0.2756,2020-02-25,08:15,eBird - Traveling Count,50,1,4.5,,1,,,,
S210000046,Common Blackbird,Turdus merula,19180,4,GB-ENG,,L8821001,"Richmond Park, England",51.4414,-0.2756,2020-02-25,08:15,eBird - Traveling Count,50,1,4.5,,1,,,,
S210000046,Song Thrush,Turdus philomelos,19220,14,GB-ENG,,L8821001,"Richmond Park, England",51.4414,-0.2756,2020-02-25,08:15,eBird - Traveling Count,50,1,4.5,,1,,,,
S210000047,Violet Sabrewing,Campylopterus hemileucurus,18000,12,CR,,L8831001,"Monteverde, Costa Rica",10.3,-84.8167,2020-04-16,14:00,eBird - Traveling Count,40,1,1.8,,2,,,,
S210000047,Green-crowned Brilliant,Heliodoxa jacula,18100,9,CR,,L8831001,"Monteverde, Costa Rica",10.3,-84.8167,2020-04-16,14:00,eBird - Traveling Count,40,1,1.8,,2,,,,
S210000047,Keel-billed Toucan,Ramphastos sulfuratus,17160,9,CR,,L8831001,"Monteverde, Costa Rica",10.3,-84.8167,2020-04-16,14:00,eBird - Traveling Count,40,1,1.8,,2,,,,
S210000047,Purple-throated Mountain-gem,Lampornis calolaemus,18060,7,CR,,L8831001,"Monteverde, Costa Rica",10.3,-84.8167,2020-04-16,14:00,eBird - Traveling Count,40,1,1.8,,2,,,,
S210000047,Bare-shanked Screech-Owl,Megascops clarkii,4120,15,CR,,L8831001,"Monteverde, Costa Rica",10.3,-84.8167,2020-04-16,14:00,eBird - Traveling Count,40,1,1.8,,2,,,,
S210000047,Collared Trogon,Trogon collaris,16500,8,CR,,L8831001,"Monteverde, Costa Rica",10.3,-84.8167,2020-04-16,14:00,eBird - Traveling Count,40,1,1.8,,2,,,,
S210000048,Northern Gannet,Morus bassanus,660,2,GB-SCT,,L8821002,"Handa Island, Scotland",58.3667,-5.1833,2020-08-06,07:15,eBird - Traveling Count,120,1,4.1,,2,,,,
S210000048,Kittiwake,Rissa tridactyla,6500,4,GB-SCT,,L8821002,"Handa Island, Scotland",58.3667,-5.1833,2020-08-06,07:15,eBird - Traveling Count,120,1,4.1,,2,,,,
S210000048,Arctic Skua,Stercorarius parasiticus,6180,1,GB-SCT,,L8821002,"Handa Island, Scotland",58.3667,-5.1833,2020-08-06,07:15,eBird - Traveling Count,120,1,4.1,,2,,,,
S210000048,Arctic Tern,Sterna paradisaea,6720,68,GB-SCT,,L8821002,"Handa Island, Scotland",58.3667,-5.1833,2020-08-06,07:15,eBird - Traveling Count,120,1,4.1,,2,,,,
S210000048,Common Guillemot,Uria aalge,7420,8,GB-SCT,,L8821002,"Handa Island, Scotland",58.3667,-5.1833,2020-08-06,07:15,eBird - Traveling Count,120,1,4.1,,2,,,,
S210000049,Wheatear,Oenanthe oenanthe,30660,7,GB-SCT,,L8821002,"Handa Island, Scotland",58.3667,-5.1833,2021-01-02,08:00,eBird - Traveling Count,25,1,3.4,,2,,,,
S210000049,Arctic Skua,Stercorarius parasiticus,6180,2,GB-SCT,,L8821002,"Handa Island, Scotland",58.3667,-5.1833,2021-01-02,08:00,eBird - Traveling Count,25,1,3.4,,2,,,,
S210000049,Razorbill,Alca torda,7450,12,GB-SCT,,L8821002,"Handa Island, Scotland",58.3667,-5.1833,2021-01-02,08:00,eBird - Traveling Count,25,1,3.4,,2,,,,
S210000049,European Shag,Gulosus aristotelis,710,11,GB-SCT,,L8821002,"Handa Island, Scotland",58.3667,-5.1833,2021-01-02,08:00,eBird - Traveling Count,25,1,3.4,,2,,,,
S210000049,Great Black-backed Gull,Larus marinus,6420,26,GB-SCT,,L8821002,"Handa Island, Scotland",58.3667,-5.1833,2021-01-02,08:00,eBird - Traveling Count,25,1,3.4,,2,,,,
S210000049,Eurasian Oystercatcher,Haematopus ostralegus,4950,2,GB-SCT,,L8821002,"Handa Island, Scotland",58.3667,-5.1833,2021-01-02,08:00,eBird - Traveling Count,25,1,3.4,,2,,,,
S210000049,Common Raven,Corvus corax,18740,7,GB-SCT,,L8821002,"Handa Island, Scotland",58.3667,-5.1833,2021-01-02,08:00,eBird - Traveling Count,25,1,3.4,,2,,,,
S210000050,Yellow-rumped Warbler,Setophaga coronata,36820,18,US-VA,Fauquier,L715338,"Harrison Road, Fauquier VA",38.8468616,-77.8050894,2021-02-09,08:00,eBird - Traveling Count,35,1,0.6,,2,,,,
S210000050,House Finch,Haemorhous mexicanus,52390,16,US-VA,Fauquier,L715338,"Harrison Road, Fauquier VA",38.8468616,-77.8050894,2021-02-09,08:00,eBird - Traveling Count,35,1,0.6,,2,,,,
S210000050,White-breasted Nuthatch,Sitta carolinensis,19340,3,US-VA,Fauquier,L715338,"Harrison Road, Fauquier VA",38.8468616,-77.8050894,2021-02-09,08:00,eBird - Traveling Count,35,1,0.6,,2,,,,
S210000050,Northern Cardinal,Cardinalis cardinalis,18772,14,US-VA,Fauquier,L715338,"Harrison Road, Fauquier VA",38.8468616,-77.8050894,2021-02-09,08:00,eBird - Traveling Count,35,1,0.6,,2,,,,
S210000050,Song Sparrow,Melospiza melodia,29580,4,US-VA,Fauquier,L715338,"Harrison Road, Fauquier VA",38.8468616,-77.8050894,2021-02-09,08:00,eBird - Traveling Count,35,1,0.6,,2,,,,
S210000050,American Crow,Corvus brachyrhynchos,18680,13,US-VA,Fauquier,L715338,"Harrison Road, Fauquier VA",38.8468616,-77.8050894,2021-02-09,08:00,eBird - Traveling Count,35,1,0.6,,2,,,,
S210000050,Red-tailed Hawk,Buteo jamaicensis,3980,2,US-VA,Fauquier,L715338,"Harrison Road, Fauquier VA",38.8468616,-77.8050894,2021-02-09,08:00,eBird - Traveling Count,35,1,0.6,,2,,,,
S210000051,Coppersmith Barbet,Psilopogon haemacephalus,17080,14,IN-RJ,,L8826001,"Ranthambore NP, India",26.0173,76.5026,2021-04-21,09:00,eBird - Traveling Count,40,1,3.9,,2,,,,
S210000051,Painted Stork,Mycteria leucocephala,2310,4,IN-RJ,,L8826001,"Ranthambore NP, India",26.0173,76.5026,2021-04-21,09:00,eBird - Traveling Count,40,1,3.9,,2,,,,
S210000051,Red-vented Bulbul,Pycnonotus cafer,31260,1,IN-RJ,,L8826001,"Ranthambore NP, India",26.0173,76.5026,2021-04-21,09:00,eBird - Traveling Count,40,1,3.9,,2,,,,
S210000051,White-throated Kingfisher,Halcyon smyrnensis,16020,12,IN-RJ,,L8826001,"Ranthambore NP, India",26.0173,76.5026,2021-04-21,09:00,eBird - Traveling Count,40,1,3.9,,2,,,,
S210000051,Green Bee-eater,Merops orientalis,16460,7,IN-RJ,,L8826001,"Ranthambore NP, India",26.0173,76.5026,2021-04-21,09:00,eBird - Traveling Count,40,1,3.9,,2,,,,
S210000052,Purple-throated Mountain-gem,Lampornis calolaemus,18060,6,CR,,L8831001,"Monteverde, Costa Rica",10.3,-84.8167,2021-05-13,06:45,eBird - Traveling Count,90,1,4.5,,2,,,,
S210000052,Resplendent Quetzal,Pharomachrus mocinno,16500,5,CR,,L8831001,"Monteverde, Costa Rica",10.3,-84.8167,2021-05-13,06:45,eBird - Traveling Count,90,1,4.5,,2,,,,
S210000052,Common Chlorospingus,Chlorospingus flavopectus,36000,1,CR,,L8831001,"Monteverde, Costa Rica",10.3,-84.8167,2021-05-13,06:45,eBird - Traveling Count,90,1,4.5,,2,,,,
S210000052,Sooty Thrush,Turdus nigrescens,19240,2,CR,,L8831001,"Monteverde, Costa Rica",10.3,-84.8167,2021-05-13,06:45,eBird - Traveling Count,90,1,4.5,,2,,,,
S210000052,Emerald Toucanet,Aulacorhynchus prasinus,17100,18,CR,,L8831001,"Monteverde, Costa Rica",10.3,-84.8167,2021-05-13,06:45,eBird - Traveling Count,90,1,4.5,,2,,,,
S210000052,Spectacled Owl,Pulsatrix perspicillata,4180,5,CR,,L8831001,"Monteverde, Costa Rica",10.3,-84.8167,2021-05-13,06:45,eBird - Traveling Count,90,1,4.5,,2,,,,
S210000053,Channel-billed Toucan,Ramphastos vitellinus,17120,7,BR-AM,,L8824001,"Amazon Rainforest - Manaus, Brazil",-3.119,-60.0218,2021-06-21,10:15,eBird - Traveling Count,25,1,1.0,,2,,,,
S210000053,Lineated Woodpecker,Dryocopus lineatus,16940,10,BR-AM,,L8824001,"Amazon Rainforest - Manaus, Brazil",-3.119,-60.0218,2021-06-21,10:15,eBird - Traveling Count,25,1,1.0,,2,,,,
S210000053,Amazonian Motmot,Momotus momota,16480,5,BR-AM,,L8824001,"Amazon Rainforest - Manaus, Brazil",-3.119,-60.0218,2021-06-21,10:15,eBird - Traveling Count,25,1,1.0,,2,,,,
S210000053,Red-and-green Macaw,Ara chloropterus,16370,2,BR-AM,,L8824001,"Amazon Rainforest - Manaus, Brazil",-3.119,-60.0218,2021-06-21,10:15,eBird - Traveling Count,25,1,1.0,,2,,,,
S210000053,Rufous-tailed Jacamar,Galbula ruficauda,17010,16,BR-AM,,L8824001,"Amazon Rainforest - Manaus, Brazil",-3.119,-60.0218,2021-06-21,10:15,eBird - Traveling Count,25,1,1.0,,2,,,,
S210000054,Rock Pipit,Anthus petrosus,26900,8,GB-SCT,,L8821002,"Handa Island, Scotland",58.3667,-5.1833,2022-01-21,10:15,eBird - Traveling Count,50,1,2.1,,1,,,,
S210000054,Arctic Skua,Stercorarius parasiticus,6180,7,GB-SCT,,L8821002,"Handa Island, Scotland",58.3667,-5.1833,2022-01-21,10:15,eBird - Traveling Count,50,1,2.1,,1,,,,
S210000054,Peregrine Falcon,Falco peregrinus,3600,1,GB-SCT,,L8821002,"Handa Island, Scotland",58.3667,-5.1833,2022-01-21,10:15,eBird - Traveling Count,50,1,2.1,,1,,,,
S210000054,Great Skua,Stercorarius skua,6200,18,GB-SCT,,L8821002,"Handa Island, Scotland",58.3667,-5.1833,2022-01-21,10:15,eBird - Traveling Count,50,1,2.1,,1,,,,
S210000054,Kittiwake,Rissa tridactyla,6500,2,GB-SCT,,L8821002,"Handa Island, Scotland",58.3667,-5.1833,2022-01-21,10:15,eBird - Traveling Count,50,1,2.1,,1,,,,
S210000054,Black Guillemot,Cepphus grylle,7410,11,GB-SCT,,L8821002,"Handa Island, Scotland",58.3667,-5.1833,2022-01-21,10:15,eBird - Traveling Count,50,1,2.1,,1,,,,
S210000054,Atlantic Puffin,Fratercula arctica,7490,4,GB-SCT,,L8821002,"Handa Island, Scotland",58.3667,-5.1833,2022-01-21,10:15,eBird - Traveling Count,50,1,2.1,,1,,,,
S210000055,African Sacred Ibis,Threskiornis aethiopicus,1960,1,TZ,,L8829001,"Serengeti, Tanzania",-2.3333,34.8333,2022-02-13,08:45,eBird - Traveling Count,75,1,2.5,,1,,,,
S210000055,Red-billed Quelea,Quelea quelea,35600,396,TZ,,L8829001,"Serengeti, Tanzania",-2.3333,34.8333,2022-02-13,08:45,eBird - Traveling Count,75,1,2.5,,1,,,,
S210000055,Marabou Stork,Leptoptilos crumenifer,2320,4,TZ,,L8829001,"Serengeti, Tanzania",-2.3333,34.8333,2022-02-13,08:45,eBird - Traveling Count,75,1,2.5,,1,,,,
S210000055,African Fish Eagle,Haliaeetus vocifer,3800,4,TZ,,L8829001,"Serengeti, Tanzania",-2.3333,34.8333,2022-02-13,08:45,eBird - Traveling Count,75,1,2.5,,1,,,,
S210000055,Saddle-billed Stork,Ephippiorhynchus senegalensis,2340,2,TZ,,L8829001,"Serengeti, Tanzania",-2.3333,34.8333,2022-02-13,08:45,eBird - Traveling Count,75,1,2.5,,1,,,,
S210000055,Lappet-faced Vulture,Torgos tracheliotos,3720,4,TZ,,L8829001,"Serengeti, Tanzania",-2.3333,34.8333,2022-02-13,08:45,eBird - Traveling Count,75,1,2.5,,1,,,,
S210000056,Bateleur,Terathopius ecaudatus,3800,2,TZ,,L8829001,"Serengeti, Tanzania",-2.3333,34.8333,2022-03-25,08:00,eBird - Traveling Count,60,1,2.8,,1,,,,
S210000056,Saddle-billed Stork,Ephippiorhynchus senegalensis,2340,2,TZ,,L8829001,"Serengeti, Tanzania",-2.3333,34.8333,2022-03-25,08:00,eBird - Traveling Count,60,1,2.8,,1,,,,
S210000056,Grey-crowned Crane,Balearica regulorum,2700,1,TZ,,L8829001,"Serengeti, Tanzania",-2.3333,34.8333,2022-03-25,08:00,eBird - Traveling Count,60,1,2.8,,1,,,,
S210000056,Lappet-faced Vulture,Torgos tracheliotos,3720,3,TZ,,L8829001,"Serengeti, Tanzania",-2.3333,34.8333,2022-03-25,08:00,eBird - Traveling Count,60,1,2.8,,1,,,,
S210000056,Kori Bustard,Ardeotis kori,2640,17,TZ,,L8829001,"Serengeti, Tanzania",-2.3333,34.8333,2022-03-25,08:00,eBird - Traveling Count,60,1,2.8,,1,,,,
S210000056,Secretarybird,Sagittarius serpentarius,3700,1,TZ,,L8829001,"Serengeti, Tanzania",-2.3333,34.8333,2022-03-25,08:00,eBird - Traveling Count,60,1,2.8,,1,,,,
S210000057,Green Bee-eater,Merops orientalis,16460,8,IN-RJ,,L8826001,"Ranthambore NP, India",26.0173,76.5026,2022-07-02,07:15,eBird - Traveling Count,60,1,1.8,,1,,,,
S210000057,Indian Peafowl,Pavo cristatus,2720,3,IN-RJ,,L8826001,"Ranthambore NP, India",26.0173,76.5026,2022-07-02,07:15,eBird - Traveling Count,60,1,1.8,,1,,,,
S210000057,Common Kingfisher,Alcedo atthis,16000,12,IN-RJ,,L8826001,"Ranthambore NP, India",26.0173,76.5026,2022-07-02,07:15,eBird - Traveling Count,60,1,1.8,,1,,,,
S210000057,Jungle Babbler,Argya striata,31880,9,IN-RJ,,L8826001,"Ranthambore NP, India",26.0173,76.5026,2022-07-02,07:15,eBird - Traveling Count,60,1,1.8,,1,,,,
S210000057,Rufous Treepie,Dendrocitta vagabunda,18640,6,IN-RJ,,L8826001,"Ranthambore NP, India",26.0173,76.5026,2022-07-02,07:15,eBird - Traveling Count,60,1,1.8,,1,,,,
S210000057,Sarus Crane,Antigone antigone,2740,3,IN-RJ,,L8826001,"Ranthambore NP, India",26.0173,76.5026,2022-07-02,07:15,eBird - Traveling Count,60,1,1.8,,1,,,,
S210000058,Yellow-billed Stork,Mycteria ibis,2300,2,TZ,,L8829001,"Serengeti, Tanzania",-2.3333,34.8333,2022-10-29,10:15,eBird - Traveling Count,45,1,2.2,,1,,,,
S210000058,White-backed Vulture,Gyps africanus,3740,4,TZ,,L8829001,"Serengeti, Tanzania",-2.3333,34.8333,2022-10-29,10:15,eBird - Traveling Count,45,1,2.2,,1,,,,
S210000058,Superb Starling,Lamprotornis superbus,28800,28,TZ,,L8829001,"Serengeti, Tanzania",-2.3333,34.8333,2022-10-29,10:15,eBird - Traveling Count,45,1,2.2,,1,,,,
S210000058,Saddle-billed Stork,Ephippiorhynchus senegalensis,2340,3,TZ,,L8829001,"Serengeti, Tanzania",-2.3333,34.8333,2022-10-29,10:15,eBird - Traveling Count,45,1,2.2,,1,,,,
S210000058,Lappet-faced Vulture,Torgos tracheliotos,3720,3,TZ,,L8829001,"Serengeti, Tanzania",-2.3333,34.8333,2022-10-29,10:15,eBird - Traveling Count,45,1,2.2,,1,,,,
S210000058,Red-billed Quelea,Quelea quelea,35600,272,TZ,,L8829001,"Serengeti, Tanzania",-2.3333,34.8333,2022-10-29,10:15,eBird - Traveling Count,45,1,2.2,,1,,,,
S210000059,Tawny Frogmouth,Podargus strigoides,15860,12,AU-NSW,,L8823001,"Lane Cove National Park, Australia",-33.7833,151.1667,2023-01-21,15:30,eBird - Traveling Count,50,1,5.0,,1,,,,
S210000059,Common Myna,Acridotheres tristis,28720,11,AU-NSW,,L8823001,"Lane Cove National Park, Australia",-33.7833,151.1667,2023-01-21,15:30,eBird - Traveling Count,50,1,5.0,,1,,,,
S210000059,Sulphur-crested Cockatoo,Cacatua galerita,16060,3,AU-NSW,,L8823001,"Lane Cove National Park, Australia",-33.7833,151.1667,2023-01-21,15:30,eBird - Traveling Count,50,1,5.0,,1,,,,
S210000059,Galah,Eolophus roseicapilla,16050,15,AU-NSW,,L8823001,"Lane Cove National Park, Australia",-33.7833,151.1667,2023-01-21,15:30,eBird - Traveling Count,50,1,5.0,,1,,,,
S210000059,New Holland Honeyeater,Phylidonyris novaehollandiae,29020,8,AU-NSW,,L8823001,"Lane Cove National Park, Australia",-33.7833,151.1667,2023-01-21,15:30,eBird - Traveling Count,50,1,5.0,,1,,,,
S210000059,Willie Wagtail,Rhipidura leucophrys,29820,6,AU-NSW,,L8823001,"Lane Cove National Park, Australia",-33.7833,151.1667,2023-01-21,15:30,eBird - Traveling Count,50,1,5.0,,1,,,,
S210000060,Collared Trogon,Trogon collaris,16500,14,CR,,L8831001,"Monteverde, Costa Rica",10.3,-84.8167,2023-02-20,15:00,eBird - Traveling Count,20,1,1.5,,2,,,,
S210000060,Bare-shanked Screech-Owl,Megascops clarkii,4120,14,CR,,L8831001,"Monteverde, Costa Rica",10.3,-84.8167,2023-02-20,15:00,eBird - Traveling Count,20,1,1.5,,2,,,,
S210000060,Slaty-tailed Trogon,Trogon massena,16520,17,CR,,L8831001,"Monteverde, Costa Rica",10.3,-84.8167,2023-02-20,15:00,eBird - Traveling Count,20,1,1.5,,2,,,,
S210000060,Keel-billed Toucan,Ramphastos sulfuratus,17160,12,CR,,L8831001,"Monteverde, Costa Rica",10.3,-84.8167,2023-02-20,15:00,eBird - Traveling Count,20,1,1.5,,2,,,,
S210000060,Prong-billed Barbet,Semnornis frantzii,17060,2,CR,,L8831001,"Monteverde, Costa Rica",10.3,-84.8167,2023-02-20,15:00,eBird - Traveling Count,20,1,1.5,,2,,,,
S210000061,White-tailed Eagle,Haliaeetus albicilla,3820,2,JP,,L8825001,"Kushiro Shitsugen, Japan",43.0833,144.4167,2023-05-05,06:30,eBird - Traveling Count,75,1,1.5,,2,,,,
S210000061,Red-crowned Crane,Grus japonensis,2760,2,JP,,L8825001,"Kushiro Shitsugen, Japan",43.0833,144.4167,2023-05-05,06:30,eBird - Traveling Count,75,1,1.5,,2,,,,
S210000061,Brambling,Fringilla montifringilla,52220,12,JP,,L8825001,"Kushiro Shitsugen, Japan",43.0833,144.4167,2023-05-05,06:30,eBird - Traveling Count,75,1,1.5,,2,,,,
S210000061,Large-billed Crow,Corvus macrorhynchos,18760,16,JP,,L8825001,"Kushiro Shitsugen, Japan",43.0833,144.4167,2023-05-05,06:30,eBird - Traveling Count,75,1,1.5,,2,,,,
S210000061,Eurasian Buzzard,Buteo buteo,3960,2,JP,,L8825001,"Kushiro Shitsugen, Japan",43.0833,144.4167,2023-05-05,06:30,eBird - Traveling Count,75,1,1.5,,2,,,,
S210000062,Eastern Phoebe,Sayornis phoebe,26480,79,US-VA,Fauquier,L715338,"Harrison Road, Fauquier VA",38.8468616,-77.8050894,2023-09-05,08:45,eBird - Traveling Count,40,1,4.9,,1,,,,
S210000062,Eastern Bluebird,Sialia sialis,19800,52,US-VA,Fauquier,L715338,"Harrison Road, Fauquier VA",38.8468616,-77.8050894,2023-09-05,08:45,eBird - Traveling Count,40,1,4.9,,1,,,,
S210000062,Dark-eyed Junco,Junco hyemalis,29920,15,US-VA,Fauquier,L715338,"Harrison Road, Fauquier VA",38.8468616,-77.8050894,2023-09-05,08:45,eBird - Traveling Count,40,1,4.9,,1,,,,
S210000062,Carolina Wren,Thryothorus ludovicianus,30480,17,US-VA,Fauquier,L715338,"Harrison Road, Fauquier VA",38.8468616,-77.8050894,2023-09-05,08:45,eBird - Traveling Count,40,1,4.9,,1,,,,
S210000062,Blue Jay,Cyanocitta cristata,18600,16,US-VA,Fauquier,L715338,"Harrison Road, Fauquier VA",38.8468616,-77.8050894,2023-09-05,08:45,eBird - Traveling Count,40,1,4.9,,1,,,,
S210000063,Downy Woodpecker,Dryobates pubescens,16900,6,US-VA,Fauquier,L715338,"Harrison Road, Fauquier VA",38.8468616,-77.8050894,2024-01-18,07:15,eBird - Traveling Count,50,1,1.4,,2,,,,
S210000063,American Goldfinch,Spinus tristis,52440,17,US-VA,Fauquier,L715338,"Harrison Road, Fauquier VA",38.8468616,-77.8050894,2024-01-18,07:15,eBird - Traveling Count,50,1,1.4,,2,,,,
S210000063,Yellow-rumped Warbler,Setophaga coronata,36820,10,US-VA,Fauquier,L715338,"Harrison Road, Fauquier VA",38.8468616,-77.8050894,2024-01-18,07:15,eBird - Traveling Count,50,1,1.4,,2,,,,
S210000063,American Robin,Turdus migratorius,19160,3,US-VA,Fauquier,L715338,"Harrison Road, Fauquier VA",38.8468616,-77.8050894,2024-01-18,07:15,eBird - Traveling Count,50,1,1.4,,2,,,,
S210000063,Carolina Wren,Thryothorus ludovicianus,30480,10,US-VA,Fauquier,L715338,"Harrison Road, Fauquier VA",38.8468616,-77.8050894,2024-01-18,07:15,eBird - Traveling Count,50,1,1.4,,2,,,,
S210000063,Northern Cardinal,Cardinalis cardinalis,18772,2,US-VA,Fauquier,L715338,"Harrison Road, Fauquier VA",38.8468616,-77.8050894,2024-01-18,07:15,eBird - Traveling Count,50,1,1.4,,2,,,,
S210000064,Spectacled Owl,Pulsatrix perspicillata,4180,9,CR,,L8831001,"Monteverde, Costa Rica",10.3,-84.8167,2024-03-29,13:45,eBird - Traveling Count,30,1,1.5,,1,,,,
S210000064,Resplendent Quetzal,Pharomachrus mocinno,16500,8,CR,,L8831001,"Monteverde, Costa Rica",10.3,-84.8167,2024-03-29,13:45,eBird - Traveling Count,30,1,1.5,,1,,,,
S210000064,Long-tailed Silky-flycatcher,Ptiliogonys caudatus,30900,2,CR,,L8831001,"Monteverde, Costa Rica",10.3,-84.8167,2024-03-29,13:45,eBird - Traveling Count,30,1,1.5,,1,,,,
S210000064,Common Chlorospingus,Chlorospingus flavopectus,36000,4,CR,,L8831001,"Monteverde, Costa Rica",10.3,-84.8167,2024-03-29,13:45,eBird - Traveling Count,30,1,1.5,,1,,,,
S210000064,Purple-throated Mountain-gem,Lampornis calolaemus,18060,11,CR,,L8831001,"Monteverde, Costa Rica",10.3,-84.8167,2024-03-29,13:45,eBird - Traveling Count,30,1,1.5,,1,,,,
S210000064,Black-faced Solitaire,Myadestes melanops,30860,9,CR,,L8831001,"Monteverde, Costa Rica",10.3,-84.8167,2024-03-29,13:45,eBird - Traveling Count,30,1,1.5,,1,,,,
S210000065,House Finch,Haemorhous mexicanus,52390,8,US-VA,Fauquier,L715338,"Harrison Road, Fauquier VA",38.8468616,-77.8050894,2024-10-23,07:00,eBird - Traveling Count,75,1,0.6,,2,,,,
S210000065,Red-bellied Woodpecker,Melanerpes carolinus,16880,7,US-VA,Fauquier,L715338,"Harrison Road, Fauquier VA",38.8468616,-77.8050894,2024-10-23,07:00,eBird - Traveling Count,75,1,0.6,,2,,,,
S210000065,Mourning Dove,Zenaida macroura,17410,6,US-VA,Fauquier,L715338,"Harrison Road, Fauquier VA",38.8468616,-77.8050894,2024-10-23,07:00,eBird - Traveling Count,75,1,0.6,,2,,,,
S210000065,American Crow,Corvus brachyrhynchos,18680,11,US-VA,Fauquier,L715338,"Harrison Road, Fauquier VA",38.8468616,-77.8050894,2024-10-23,07:00,eBird - Traveling Count,75,1,0.6,,2,,,,
S210000065,Carolina Chickadee,Poecile carolinensis,18920,7,US-VA,Fauquier,L715338,"Harrison Road, Fauquier VA",38.8468616,-77.8050894,2024-10-23,07:00,eBird - Traveling Count,75,1,0.6,,2,,,,
S210000065,Chipping Sparrow,Spizella passerina,29340,13,US-VA,Fauquier,L715338,"Harrison Road, Fauquier VA",38.8468616,-77.8050894,2024-10-23,07:00,eBird - Traveling Count,75,1,0.6,,2,,,,
S210000066,Grey-crowned Crane,Balearica regulorum,2700,3,TZ,,L8829001,"Serengeti, Tanzania",-2.3333,34.8333,2024-11-11,06:00,eBird - Traveling Count,50,1,4.8,,1,,,,
S210000066,African Sacred Ibis,Threskiornis aethiopicus,1960,7,TZ,,L8829001,"Serengeti, Tanzania",-2.3333,34.8333,2024-11-11,06:00,eBird - Traveling Count,50,1,4.8,,1,,,,
S210000066,Saddle-billed Stork,Ephippiorhynchus senegalensis,2340,4,TZ,,L8829001,"Serengeti, Tanzania",-2.3333,34.8333,2024-11-11,06:00,eBird - Traveling Count,50,1,4.8,,1,,,,
S210000066,Great White Pelican,Pelecanus onocrotalus,730,398,TZ,,L8829001,"Serengeti, Tanzania",-2.3333,34.8333,2024-11-11,06:00,eBird - Traveling Count,50,1,4.8,,1,,,,
S210000066,Marabou Stork,Leptoptilos crumenifer,2320,1,TZ,,L8829001,"Serengeti, Tanzania",-2.3333,34.8333,2024-11-11,06:00,eBird - Traveling Count,50,1,4.8,,1,,,,
S210000067,Yellow-billed Hornbill,Tockus leucomelas,17600,7,TZ,,L8829001,"Serengeti, Tanzania",-2.3333,34.8333,2025-01-04,06:00,eBird - Traveling Count,20,1,0.8,,2,,,,
S210000067,White-backed Vulture,Gyps africanus,3740,1,TZ,,L8829001,"Serengeti, Tanzania",-2.3333,34.8333,2025-01-04,06:00,eBird - Traveling Count,20,1,0.8,,2,,,,
S210000067,Ostrich,Struthio camelus,1,13,TZ,,L8829001,"Serengeti, Tanzania",-2.3333,34.8333,2025-01-04,06:00,eBird - Traveling Count,20,1,0.8,,2,,,,
S210000067,Great White Pelican,Pelecanus onocrotalus,730,134,TZ,,L8829001,"Serengeti, Tanzania",-2.3333,34.8333,2025-01-04,06:00,eBird - Traveling Count,20,1,0.8,,2,,,,
S210000067,Saddle-billed Stork,Ephippiorhynchus senegalensis,2340,2,TZ,,L8829001,"Serengeti, Tanzania",-2.3333,34.8333,2025-01-04,06:00,eBird - Traveling Count,20,1,0.8,,2,,,,
S210000068,Common Guillemot,Uria aalge,7420,9,GB-SCT,,L8821002,"Handa Island, Scotland",58.3667,-5.1833,2025-02-07,06:15,eBird - Traveling Count,40,1,1.9,,2,,,,
S210000068,Wheatear,Oenanthe oenanthe,30660,1,GB-SCT,,L8821002,"Handa Island, Scotland",58.3667,-5.1833,2025-02-07,06:15,eBird - Traveling Count,40,1,1.9,,2,,,,
S210000068,Razorbill,Alca torda,7450,12,GB-SCT,,L8821002,"Handa Island, Scotland",58.3667,-5.1833,2025-02-07,06:15,eBird - Traveling Count,40,1,1.9,,2,,,,
S210000068,Kittiwake,Rissa tridactyla,6500,9,GB-SCT,,L8821002,"Handa Island, Scotland",58.3667,-5.1833,2025-02-07,06:15,eBird - Traveling Count,40,1,1.9,,2,,,,
S210000068,Herring Gull,Larus argentatus,6380,44,GB-SCT,,L8821002,"Handa Island, Scotland",58.3667,-5.1833,2025-02-07,06:15,eBird - Traveling Count,40,1,1.9,,2,,,,
S210000069,Prong-billed Barbet,Semnornis frantzii,17060,12,CR,,L8831001,"Monteverde, Costa Rica",10.3,-84.8167,2025-03-02,09:00,eBird - Traveling Count,50,1,2.8,,1,,,,
S210000069,Bare-shanked Screech-Owl,Megascops clarkii,4120,16,CR,,L8831001,"Monteverde, Costa Rica",10.3,-84.8167,2025-03-02,09:00,eBird - Traveling Count,50,1,2.8,,1,,,,
S210000069,Mountain Thrush,Turdus plebejus,19260,2,CR,,L8831001,"Monteverde, Costa Rica",10.3,-84.8167,2025-03-02,09:00,eBird - Traveling Count,50,1,2.8,,1,,,,
S210000069,Common Chlorospingus,Chlorospingus flavopectus,36000,18,CR,,L8831001,"Monteverde, Costa Rica",10.3,-84.8167,2025-03-02,09:00,eBird - Traveling Count,50,1,2.8,,1,,,,
S210000069,Keel-billed Toucan,Ramphastos sulfuratus,17160,7,CR,,L8831001,"Monteverde, Costa Rica",10.3,-84.8167,2025-03-02,09:00,eBird - Traveling Count,50,1,2.8,,1,,,,
S210000069,Collared Trogon,Trogon collaris,16500,3,CR,,L8831001,"Monteverde, Costa Rica",10.3,-84.8167,2025-03-02,09:00,eBird - Traveling Count,50,1,2.8,,1,,,,
S210000070,Grey-crowned Crane,Balearica regulorum,2700,2,KE,,L8822001,"Lake Nakuru, Kenya",0.36,36.0833,2025-10-19,06:00,eBird - Traveling Count,45,1,2.7,,2,,,,
S210000070,Lesser Flamingo,Phoeniconaias minor,9190,333,KE,,L8822001,"Lake Nakuru, Kenya",0.36,36.0833,2025-10-19,06:00,eBird - Traveling Count,45,1,2.7,,2,,,,
S210000070,Marabou Stork,Leptoptilos crumenifer,2320,3,KE,,L8822001,"Lake Nakuru, Kenya",0.36,36.0833,2025-10-19,06:00,eBird - Traveling Count,45,1,2.7,,2,,,,
S210000070,African Spoonbill,Platalea alba,2020,17,KE,,L8822001,"Lake Nakuru, Kenya",0.36,36.0833,2025-10-19,06:00,eBird - Traveling Count,45,1,2.7,,2,,,,
S210000070,Blacksmith Lapwing,Vanellus armatus,5300,41,KE,,L8822001,"Lake Nakuru, Kenya",0.36,36.0833,2025-10-19,06:00,eBird - Traveling Count,45,1,2.7,,2,,,,
